Position,X,Y
Upper Left,-8209.270625,-39056.95203125
Upper Right,-8046.590625,-39056.95203125
Lower Right,-8046.590625,-39131.19203125
Lower Left,-8209.270625,-39131.19203125
